away_team_code,last_result_vs_opponent,kickoff_time_local,tickets_scanned,match_id,weekday,date,ohl_interest
WES,0,18:15:00,5565.0,d256yo3eng04m0fu7b4sl7wno,5,2022-07-30,17.32
CLU,-3,18:30:00,7440.0,d4mn5ksbxuvnaww4pmommxhqs,6,2022-08-14,30.38
KVO,2,18:15:00,4489.0,d65hmi7sq03yzr5he1k7ypus4,5,2022-08-27,22.18
CHA,3,20:45:00,4508.0,d80mkemezkz16bqh6lbn8tlhw,5,2022-09-10,19.08
STG,-3,16:00:00,6290.0,dak40etbhbqsr1nxyt50qcg0k,5,2022-10-01,17.75
GNK,1,20:45:00,7238.0,dcl81t8chgq07o8rw8orj5no4,5,2022-10-15,22.19
GNT,-5,18:30:00,7166.0,dfui3aovgvfccasonp6w5ajh0,6,2022-10-30,19.08
SER,0,20:45:00,5285.0,di0x0as1g324k0hoea1o5vvh0,4,2022-11-11,17.09
KVK,2,21:00:00,3766.0,dkbsomyigazbberxvdmjq7wgk,6,2023-01-08,13.36
EUP,-2,18:30:00,3537.0,dmcif0n7veawzigj8cd5bm904,1,2023-01-17,14.91
STV,0,18:15:00,6399.0,dojq6igk3d5ol4c78rkm0ugb8,5,2023-01-28,15.36
CER,-1,20:00:00,4721.0,dqvzs325coup7j9iqyfcazmdw,4,2023-02-10,16.34
ANT,-2,16:00:00,9331.0,dt091ishr3km0wuuhiatev9xw,6,2023-02-26,19.45
ZWA,3,18:15:00,7785.0,du1wib350joxeh5hdv9v8yihg,5,2023-03-04,15.56
AND,0,16:00:00,10827.0,dw8a4f7k9qt9iyxuuno9rvztg,6,2023-03-19,31.5
KVM,0,16:00:00,8310.0,dyrd81lg1d8eb5ptsbq1tg6j8,5,2023-04-08,16.63
STA,2,18:30:00,10079.0,e0tuth9cc11wefswrzq1cjyms,6,2023-04-23,30.19
RWD,0,20:45:00,7786.0,3kewmr690bhoid47mku9wfgno,5,2023-08-05,17.79
ANT,0,20:45:00,8577.0,3nrkjdhpc5zse1sdzt1onor2s,4,2023-08-18,20.46
KVK,-1,20:45:00,9144.0,3rwouz4640n6ngfbwrwsqkp3o,4,2023-09-01,19.02
GNT,-2,18:30:00,9598.0,3vk3btgbt7w7qy9hjp3f2934k,6,2023-09-17,22.09
STA,1,18:15:00,9211.0,3yp7glzujzj8nc07qp0sd0kr8,5,2023-09-30,20.66
STV,0,19:15:00,7784.0,42wgdmxzlcn9w08umkea3hpg4,6,2023-10-22,22.09
WES,1,18:15:00,9240.0,4729fykixfyfwxlbno9zilq8k,5,2023-11-04,16.98
CLU,0,16:00:00,10546.0,4bjgrdur7wdidfbs58xmjynf8,6,2023-11-26,21.53
CER,-1,16:00:00,8038.0,4i4bz7rnjs44z8bt8bnftavbo,5,2023-12-16,17.01
EUP,-2,16:00:00,7863.0,4mbxzkhlc9edsor1s0fjsxses,1,2023-12-26,16.58
AND,-4,18:30:00,10786.0,4oobcluwuns3xnlhy5m9m7sic,6,2024-01-21,29.98
GNK,-2,18:45:00,7846.0,4s3or8i47or8p70amtotvjlec,2,2024-01-31,20.39
CHA,0,18:15:00,9228.0,4yqzx2kle0xh8c6mbzui5ydjo,5,2024-02-17,21.89
STG,-4,18:15:00,9789.0,539hjt08589esprrqk8xj09as,5,2024-03-02,22.52
KVM,1,18:30:00,11069.0,57i6yyarvjpugxfcvu1v2fl04,6,2024-03-17,45.9
KVM,1,18:15:00,6701.0,98omfw1wagomo5aac4rpyhtlg,5,2024-03-30,16.46
GNT,-4,19:15:00,4936.0,9bied5x123qpk7tpdx9t2fml0,6,2024-04-14,18.62
STV,0,16:00:00,4350.0,9bwhkknuamvj2f60dtr3tdlas,5,2024-04-20,12.56
STA,0,16:00:00,4913.0,9garbt9ourfmmy4uxcq3f84yc,6,2024-05-05,14.97
WES,0,20:30:00,5907.0,9j49kwr0mzxabprw5v0rfr3mc,5,2024-05-25,14.24
GNK,1,18:15:00,5583.0,5sue6595uizdrssh0wv22egpg,5,2024-08-03,49.82
CER,-1,16:00:00,5528.0,602pbgoexz07st4msln8fq0wk,6,2024-08-18,28.82
STA,2,20:45:00,8958.0,65chj645tcu0gtoy18rdroyz8,5,2024-08-31,32.73
KVK,0,19:15:00,6061.0,6c8lz4vpdfl8yxo9kgokz9250,6,2024-09-22,32.97
ANT,-1,16:00:00,6921.0,6lop4d01krcoktw7peu0xrlec,6,2024-10-20,37.86
CLU,-2,18:15:00,10485.0,6rulhyb9xa5yczi1jntilsr9w,5,2024-11-02,63.5
STG,-2,16:00:00,6344.0,6y80kic6abtlkzmkr4oiejkt0,6,2024-11-24,30.53
AND,0,16:00:00,10723.0,70wtfxx5kccxl5sxj1bvcd8us,6,2024-12-01,45.8
CHA,2,18:15:00,5641.0,77idfj6cmoadi2223efythatw,5,2024-12-14,28.09
BEE,0,18:30:00,6655.0,7dq0nagdoadvgfk4qfxw3lvkk,4,2024-12-27,29.92
GNT,-3,19:15:00,5550.0,7mk17ds9sv6rqbsd6o75ppuz8,6,2025-01-26,36.64
KVM,-5,20:45:00,6619.0,7qex3cmy0pi6r9v2luba43qqc,4,2025-01-31,39.08
DEN,0,16:00:00,5782.0,7wei2vfmf9wa2ikr3hmt50ljo,5,2025-02-15,30.53
WES,0,19:15:00,7097.0,82ku9pdoluteqx9sa2bqzmcyc,6,2025-03-02,29.31
STV,-1,18:30:00,7689.0,89eut1cf33jziticurrctu2ok,6,2025-03-16,32.36
CHA,1,20:45:00,4241.0,7u79waryljwbgwi0mk9gugzkk,4,2025-03-28,24.42
DEN,1,16:00:00,4252.0,7ygyxo6o1uoe8uzbk4nsgeiok,5,2025-04-19,30.53
STA,1,16:00:00,5164.0,814atdxgv4huojqsu3t0d9vro,5,2025-04-26,27.75
KVM,0,18:15:00,5615.0,82ukg77wot5ten1zki8rhuln8,5,2025-05-03,25.81
WES,0,20:45:00,5025.0,852y9z78ifhike3zkg6dfyluc,4,2025-05-16,21.09
CHA,-1,16:00:00,4318.0,csbw4frxjcvgpv95iekqvb21g,6,2025-07-27,36.78
GNK,-2,20:45:00,6360.0,d0y4sncaf09mzv9ms24ck6olw,4,2025-08-15,78.25
STA,0,16:00:00,6676.0,d7riiuoqud1d84e7gu4givjf8,6,2025-08-31,39.91
LAL,0,16:00:00,4036.0,de191c5ia8dqmkvpzprawob2s,5,2025-09-20,34.26
AND,0,20:45:00,6977.0,dh7ze0l15ri59fuhmnrs8pst0,4,2025-09-26,68.52
CLU,-1,18:15:00,7992.0,dob21hsimmlz7agqzo8irt5w4,5,2025-10-18,100.0
GNT,0,16:00:00,6373.0,duivyh7ccvqb0o2ykwgvaq5uc,6,2025-11-02,66.67
STV,1,19:15:00,5661.0,e1650lh8xyaev5kzm5v3m2kgk,6,2025-11-23,47.22
ZWA,-2,19:15:00,4494.0,e6vo7nt78kq3sax8h8o1ke4gk,6,2025-12-07,39.81
CER,1,19:15:00,5812.0,ecz9iyxyc5ira9n59m8cp3bis,6,2025-12-21,34.16
STG,-5,20:45:00,5322.0,enw1n6mhkzvb6uptwhzs4gowk,5,2026-01-24,47.3
KVM,0,19:15:00,5971.0,eqncupz92qy89z9bxks1e0t90,6,2026-02-01,40.0
DEN,1,16:00:00,5137.0,ewgb5fczpfa71pfzihlip6yok,5,2026-02-14,40.0
WES,-2,16:00:00,6062.0,rf7k8o1xjf0xw5zrgpbtmhg,5,2026-03-07,53.0
